{"cameraMode":{"drawMode":0,"name":"Shaded","section":"Shading Mode"},"sceneLighting":false,"audioPlay":false,"sceneViewState":{"showFog":true,"showMaterialUpdate":false,"showSkybox":true,"showFlares":true,"showImageEffects":true,"showParticleSystems":true},"in2DMode":false,"pivot":{"x":0.0,"y":1.6763806343078614e-8,"z":1.4901161193847657e-8},"rotation":{"x":-0.6588932871818543,"y":0.008104830980300904,"z":-0.007102584466338158,"w":-0.7521592974662781},"size":0.32212531566619875,"orthographic":false}